,city,confirmed,date,deaths,discarded,notes,notified,place_type,source_url,state,suspect
0,Laranjal do Jarí,0,2020-03-20,,,,,city,https://www.portal.ap.gov.br/noticia/2003/boletim-informativo-covid-19-amapa-20-de-marco-de-2020,AP,2.0
1,Macapá,1,2020-03-20,,,,,city,https://www.portal.ap.gov.br/noticia/2003/coronavirus-primeiro-caso-e-confirmado-no-amapa,AP,21.0
2,Pedra Branca do Amapari,0,2020-03-20,,,,,city,https://www.portal.ap.gov.br/noticia/2003/boletim-informativo-covid-19-amapa-20-de-marco-de-2020,AP,1.0
3,,1,2020-03-20,,49.0,,,state,https://www.portal.ap.gov.br/noticia/2003/boletim-informativo-covid-19-amapa-20-de-marco-de-2020,AP,24.0
4,Almirante Tamandaré,0,2020-03-20,,0.0,,1.0,city,http://www.saude.pr.gov.br/arquivos/File/CORONA_20032020.pdf,PR,1.0
5,Altônia,0,2020-03-20,,0.0,,1.0,city,http://www.saude.pr.gov.br/arquivos/File/CORONA_20032020.pdf,PR,1.0
6,Alto Paraná,0,2020-03-20,,3.0,,3.0,city,http://www.saude.pr.gov.br/arquivos/File/CORONA_20032020.pdf,PR,0.0
7,Ampére,0,2020-03-20,,0.0,,1.0,city,http://www.saude.pr.gov.br/arquivos/File/CORONA_20032020.pdf,PR,1.0
8,Apucarana,0,2020-03-20,,1.0,,3.0,city,http://www.saude.pr.gov.br/arquivos/File/CORONA_20032020.pdf,PR,2.0
9,Arapongas,0,2020-03-20,,0.0,,2.0,city,http://www.saude.pr.gov.br/arquivos/File/CORONA_20032020.pdf,PR,2.0
10,Araucária,0,2020-03-20,,1.0,,1.0,city,http://www.saude.pr.gov.br/arquivos/File/CORONA_20032020.pdf,PR,0.0
11,Assis Chateaubriand,0,2020-03-20,,0.0,,2.0,city,http://www.saude.pr.gov.br/arquivos/File/CORONA_20032020.pdf,PR,2.0
12,Cambé,0,2020-03-20,,0.0,,2.0,city,http://www.saude.pr.gov.br/arquivos/File/CORONA_20032020.pdf,PR,2.0
13,Campo Largo,1,2020-03-20,,1.0,,7.0,city,http://www.saude.pr.gov.br/arquivos/File/CORONA_20032020.pdf,PR,5.0
14,Carambeí,0,2020-03-20,,0.0,,1.0,city,http://www.saude.pr.gov.br/arquivos/File/CORONA_20032020.pdf,PR,1.0
15,Cascavel,0,2020-03-20,,7.0,,22.0,city,http://www.saude.pr.gov.br/arquivos/File/CORONA_20032020.pdf,PR,15.0
16,Cianorte,2,2020-03-20,,1.0,,6.0,city,http://www.saude.pr.gov.br/arquivos/File/CORONA_20032020.pdf,PR,3.0
17,Clevelândia,0,2020-03-20,,0.0,,1.0,city,http://www.saude.pr.gov.br/arquivos/File/CORONA_20032020.pdf,PR,1.0
18,Colombo,0,2020-03-20,,1.0,,1.0,city,http://www.saude.pr.gov.br/arquivos/File/CORONA_20032020.pdf,PR,0.0
19,Conselheiro Mairinck,0,2020-03-20,,0.0,,1.0,city,http://www.saude.pr.gov.br/arquivos/File/CORONA_20032020.pdf,PR,1.0
20,Corbélia,0,2020-03-20,,1.0,,1.0,city,http://www.saude.pr.gov.br/arquivos/File/CORONA_20032020.pdf,PR,0.0
21,Coronel Domingos Soares,0,2020-03-20,,0.0,,1.0,city,http://www.saude.pr.gov.br/arquivos/File/CORONA_20032020.pdf,PR,1.0
22,Curitiba,27,2020-03-20,,71.0,,146.0,city,http://www.saude.pr.gov.br/arquivos/File/CORONA_20032020.pdf,PR,50.0
23,Faxinal,0,2020-03-20,,0.0,,2.0,city,http://www.saude.pr.gov.br/arquivos/File/CORONA_20032020.pdf,PR,2.0
24,Foz do Iguaçu,1,2020-03-20,,6.0,,37.0,city,http://www.saude.pr.gov.br/arquivos/File/CORONA_20032020.pdf,PR,30.0
25,Guaíra,1,2020-03-20,,0.0,,6.0,city,http://www.saude.pr.gov.br/arquivos/File/CORONA_20032020.pdf,PR,5.0
26,Guarapuava,0,2020-03-20,,1.0,,2.0,city,http://www.saude.pr.gov.br/arquivos/File/CORONA_20032020.pdf,PR,1.0
27,Guaratuba,0,2020-03-20,,0.0,,1.0,city,http://www.saude.pr.gov.br/arquivos/File/CORONA_20032020.pdf,PR,1.0
28,Honório Serpa,0,2020-03-20,,0.0,,1.0,city,http://www.saude.pr.gov.br/arquivos/File/CORONA_20032020.pdf,PR,1.0
29,Irati,0,2020-03-20,,0.0,,1.0,city,http://www.saude.pr.gov.br/arquivos/File/CORONA_20032020.pdf,PR,1.0
30,Ivaiporã,0,2020-03-20,,0.0,,2.0,city,http://www.saude.pr.gov.br/arquivos/File/CORONA_20032020.pdf,PR,2.0
31,Jacarezinho,0,2020-03-20,,0.0,,2.0,city,http://www.saude.pr.gov.br/arquivos/File/CORONA_20032020.pdf,PR,2.0
32,Japira,0,2020-03-20,,0.0,,1.0,city,http://www.saude.pr.gov.br/arquivos/File/CORONA_20032020.pdf,PR,1.0
33,Londrina,3,2020-03-20,,10.0,,23.0,city,http://www.saude.pr.gov.br/arquivos/File/CORONA_20032020.pdf,PR,12.0
34,Mangueirinha,0,2020-03-20,,0.0,,2.0,city,http://www.saude.pr.gov.br/arquivos/File/CORONA_20032020.pdf,PR,2.0
35,Marechal Cândido Rondon,0,2020-03-20,,2.0,,2.0,city,http://www.saude.pr.gov.br/arquivos/File/CORONA_20032020.pdf,PR,0.0
36,Maringá,1,2020-03-20,,8.0,,22.0,city,http://www.saude.pr.gov.br/arquivos/File/CORONA_20032020.pdf,PR,13.0
37,Matinhos,0,2020-03-20,,2.0,,3.0,city,http://www.saude.pr.gov.br/arquivos/File/CORONA_20032020.pdf,PR,1.0
38,Mercedes,0,2020-03-20,,1.0,,1.0,city,http://www.saude.pr.gov.br/arquivos/File/CORONA_20032020.pdf,PR,0.0
39,Palotina,0,2020-03-20,,2.0,,2.0,city,http://www.saude.pr.gov.br/arquivos/File/CORONA_20032020.pdf,PR,0.0
40,Paranaguá,0,2020-03-20,,1.0,,4.0,city,http://www.saude.pr.gov.br/arquivos/File/CORONA_20032020.pdf,PR,3.0
41,Paranavaí,0,2020-03-20,,0.0,,1.0,city,http://www.saude.pr.gov.br/arquivos/File/CORONA_20032020.pdf,PR,1.0
42,Pato Branco,0,2020-03-20,,0.0,,5.0,city,http://www.saude.pr.gov.br/arquivos/File/CORONA_20032020.pdf,PR,5.0
43,Ponta Grossa,0,2020-03-20,,11.0,,30.0,city,http://www.saude.pr.gov.br/arquivos/File/CORONA_20032020.pdf,PR,19.0
44,Porecatu,0,2020-03-20,,0.0,,2.0,city,http://www.saude.pr.gov.br/arquivos/File/CORONA_20032020.pdf,PR,2.0
45,Renascença,0,2020-03-20,,0.0,,1.0,city,http://www.saude.pr.gov.br/arquivos/File/CORONA_20032020.pdf,PR,1.0
46,Santo Antônio do Paraíso,0,2020-03-20,,1.0,,1.0,city,http://www.saude.pr.gov.br/arquivos/File/CORONA_20032020.pdf,PR,0.0
47,São João do Caiuá,0,2020-03-20,,2.0,,2.0,city,http://www.saude.pr.gov.br/arquivos/File/CORONA_20032020.pdf,PR,0.0
48,São José dos Pinhais,0,2020-03-20,,2.0,,4.0,city,http://www.saude.pr.gov.br/arquivos/File/CORONA_20032020.pdf,PR,2.0
49,Toledo,0,2020-03-20,,0.0,,5.0,city,http://www.saude.pr.gov.br/arquivos/File/CORONA_20032020.pdf,PR,5.0
50,Tomazina,0,2020-03-20,,0.0,,1.0,city,http://www.saude.pr.gov.br/arquivos/File/CORONA_20032020.pdf,PR,1.0
51,Turvo,0,2020-03-20,,1.0,,1.0,city,http://www.saude.pr.gov.br/arquivos/File/CORONA_20032020.pdf,PR,0.0
52,Umuarama,0,2020-03-20,,0.0,,1.0,city,http://www.saude.pr.gov.br/arquivos/File/CORONA_20032020.pdf,PR,1.0
53,,36,2020-03-20,,137.0,,371.0,state,http://www.saude.pr.gov.br/arquivos/File/CORONA_20032020.pdf,PR,202.0
54,Laranjal do Jarí,0,2020-03-19,,,,,city,https://www.portal.ap.gov.br/noticia/1903/boletim-informativo-covid-19-amapa-19-de-marco-de-2020,AP,1.0
55,Macapá,0,2020-03-19,,,,,city,https://www.portal.ap.gov.br/noticia/1903/boletim-informativo-covid-19-amapa-19-de-marco-de-2020,AP,64.0
56,Pedra Branca do Amapari,0,2020-03-19,,,,,city,https://www.portal.ap.gov.br/noticia/1903/boletim-informativo-covid-19-amapa-19-de-marco-de-2020,AP,1.0
57,,0,2020-03-19,,,,,state,https://www.portal.ap.gov.br/noticia/1903/boletim-informativo-covid-19-amapa-19-de-marco-de-2020,AP,66.0
58,Almirante Tamandaré,0,2020-03-19,,0.0,,1.0,city,http://www.saude.pr.gov.br/arquivos/File/CORONA_19032020.pdf,PR,1.0
59,Altônia,0,2020-03-19,,0.0,,1.0,city,http://www.saude.pr.gov.br/arquivos/File/CORONA_19032020.pdf,PR,1.0
60,Alto Paraná,0,2020-03-19,,3.0,,3.0,city,http://www.saude.pr.gov.br/arquivos/File/CORONA_19032020.pdf,PR,0.0
61,Ampére,0,2020-03-19,,0.0,,1.0,city,http://www.saude.pr.gov.br/arquivos/File/CORONA_19032020.pdf,PR,1.0
62,Apucarana,0,2020-03-19,,1.0,,2.0,city,http://www.saude.pr.gov.br/arquivos/File/CORONA_19032020.pdf,PR,1.0
63,Arapongas,0,2020-03-19,,0.0,,2.0,city,http://www.saude.pr.gov.br/arquivos/File/CORONA_19032020.pdf,PR,2.0
64,Araucária,0,2020-03-19,,1.0,,1.0,city,http://www.saude.pr.gov.br/arquivos/File/CORONA_19032020.pdf,PR,0.0
65,Cambé,0,2020-03-19,,0.0,,1.0,city,http://www.saude.pr.gov.br/arquivos/File/CORONA_19032020.pdf,PR,1.0
66,Campo Largo,1,2020-03-19,,1.0,,2.0,city,http://www.saude.pr.gov.br/arquivos/File/CORONA_19032020.pdf,PR,0.0
67,Carambeí,0,2020-03-19,,0.0,,1.0,city,http://www.saude.pr.gov.br/arquivos/File/CORONA_19032020.pdf,PR,1.0
68,Cascavel,0,2020-03-19,,7.0,,21.0,city,http://www.saude.pr.gov.br/arquivos/File/CORONA_19032020.pdf,PR,14.0
69,Cianorte,2,2020-03-19,,1.0,,4.0,city,http://www.saude.pr.gov.br/arquivos/File/CORONA_19032020.pdf,PR,1.0
70,Corbélia,0,2020-03-19,,1.0,,1.0,city,http://www.saude.pr.gov.br/arquivos/File/CORONA_19032020.pdf,PR,0.0
71,Curitiba,17,2020-03-19,,64.0,,135.0,city,http://www.saude.pr.gov.br/arquivos/File/CORONA_19032020.pdf,PR,54.0
72,Faxinal,0,2020-03-19,,0.0,,1.0,city,http://www.saude.pr.gov.br/arquivos/File/CORONA_19032020.pdf,PR,1.0
73,Foz do Iguaçu,1,2020-03-19,,6.0,,16.0,city,http://www.saude.pr.gov.br/arquivos/File/CORONA_19032020.pdf,PR,9.0
74,Guaíra,0,2020-03-19,,0.0,,4.0,city,http://www.saude.pr.gov.br/arquivos/File/CORONA_19032020.pdf,PR,4.0
75,Guarapuava,0,2020-03-19,,1.0,,2.0,city,http://www.saude.pr.gov.br/arquivos/File/CORONA_19032020.pdf,PR,1.0
76,Guaratuba,0,2020-03-19,,0.0,,1.0,city,http://www.saude.pr.gov.br/arquivos/File/CORONA_19032020.pdf,PR,1.0
77,Irati,0,2020-03-19,,0.0,,1.0,city,http://www.saude.pr.gov.br/arquivos/File/CORONA_19032020.pdf,PR,1.0
78,Londrina,1,2020-03-19,,9.0,,21.0,city,http://www.saude.pr.gov.br/arquivos/File/CORONA_19032020.pdf,PR,11.0
79,Marechal Cândido Rondon,0,2020-03-19,,1.0,,2.0,city,http://www.saude.pr.gov.br/arquivos/File/CORONA_19032020.pdf,PR,1.0
80,Maringá,1,2020-03-19,,6.0,,19.0,city,http://www.saude.pr.gov.br/arquivos/File/CORONA_19032020.pdf,PR,12.0
81,Matinhos,0,2020-03-19,,2.0,,3.0,city,http://www.saude.pr.gov.br/arquivos/File/CORONA_19032020.pdf,PR,1.0
82,Mercedes,0,2020-03-19,,1.0,,1.0,city,http://www.saude.pr.gov.br/arquivos/File/CORONA_19032020.pdf,PR,0.0
83,Palotina,0,2020-03-19,,2.0,,2.0,city,http://www.saude.pr.gov.br/arquivos/File/CORONA_19032020.pdf,PR,0.0
84,Paranaguá,0,2020-03-19,,1.0,,3.0,city,http://www.saude.pr.gov.br/arquivos/File/CORONA_19032020.pdf,PR,2.0
85,Paranavaí,0,2020-03-19,,0.0,,1.0,city,http://www.saude.pr.gov.br/arquivos/File/CORONA_19032020.pdf,PR,1.0
86,Ponta Grossa,0,2020-03-19,,8.0,,27.0,city,http://www.saude.pr.gov.br/arquivos/File/CORONA_19032020.pdf,PR,19.0
87,Porecatu,0,2020-03-19,,0.0,,2.0,city,http://www.saude.pr.gov.br/arquivos/File/CORONA_19032020.pdf,PR,2.0
88,Renascença,0,2020-03-19,,0.0,,1.0,city,http://www.saude.pr.gov.br/arquivos/File/CORONA_19032020.pdf,PR,1.0
89,Santo Antônio do Paraíso,0,2020-03-19,,1.0,,1.0,city,http://www.saude.pr.gov.br/arquivos/File/CORONA_19032020.pdf,PR,0.0
90,São João do Caiuá,0,2020-03-19,,2.0,,2.0,city,http://www.saude.pr.gov.br/arquivos/File/CORONA_19032020.pdf,PR,0.0
91,São José dos Pinhais,0,2020-03-19,,2.0,,2.0,city,http://www.saude.pr.gov.br/arquivos/File/CORONA_19032020.pdf,PR,0.0
92,Toledo,0,2020-03-19,,0.0,,1.0,city,http://www.saude.pr.gov.br/arquivos/File/CORONA_19032020.pdf,PR,1.0
93,Turvo,0,2020-03-19,,1.0,,1.0,city,http://www.saude.pr.gov.br/arquivos/File/CORONA_19032020.pdf,PR,0.0
94,Umuarama,0,2020-03-19,,0.0,,1.0,city,http://www.saude.pr.gov.br/arquivos/File/CORONA_19032020.pdf,PR,1.0
95,,23,2020-03-19,,122.0,,291.0,state,http://www.saude.pr.gov.br/arquivos/File/CORONA_19032020.pdf,PR,146.0
96,Macapá,0,2020-03-18,,,,,city,https://www.portal.ap.gov.br/noticia/1803/boletim-informativo-covid-19-amapa-18-de-marco-de-2020,AP,42.0
97,,0,2020-03-18,,,,,state,https://www.portal.ap.gov.br/noticia/1803/boletim-informativo-covid-19-amapa-18-de-marco-de-2020,AP,50.0
98,Belo Horizonte,10,2020-03-18,,,,,city,https://www.saude.mg.gov.br/component/gmg/story/12307-informe-epidemiologico-coronavirus-18-03-2020,MG,
99,Coronel Fabriciano,1,2020-03-18,,,,,city,https://www.saude.mg.gov.br/component/gmg/story/12307-informe-epidemiologico-coronavirus-18-03-2020,MG,
100,Divinópolis,1,2020-03-18,,,,,city,https://www.saude.mg.gov.br/component/gmg/story/12307-informe-epidemiologico-coronavirus-18-03-2020,MG,
101,Ipatinga,1,2020-03-18,,,,,city,https://www.saude.mg.gov.br/component/gmg/story/12307-informe-epidemiologico-coronavirus-18-03-2020,MG,
102,Juiz de Fora,2,2020-03-18,,,,,city,https://www.saude.mg.gov.br/component/gmg/story/12307-informe-epidemiologico-coronavirus-18-03-2020,MG,
103,Nova Lima,1,2020-03-18,,,,,city,https://www.saude.mg.gov.br/component/gmg/story/12307-informe-epidemiologico-coronavirus-18-03-2020,MG,
104,Patrocínio,1,2020-03-18,,,,,city,https://www.saude.mg.gov.br/component/gmg/story/12307-informe-epidemiologico-coronavirus-18-03-2020,MG,
105,Sete Lagoas,1,2020-03-18,,,,,city,https://www.saude.mg.gov.br/component/gmg/story/12307-informe-epidemiologico-coronavirus-18-03-2020,MG,
106,Uberlândia,1,2020-03-18,,,,,city,https://www.saude.mg.gov.br/component/gmg/story/12307-informe-epidemiologico-coronavirus-18-03-2020,MG,
107,,19,2020-03-18,0.0,88.0,,810.0,state,https://www.saude.mg.gov.br/component/gmg/story/12307-informe-epidemiologico-coronavirus-18-03-2020,MG,
108,Almirante Tamandaré,0,2020-03-18,,0.0,,1.0,city,http://www.saude.pr.gov.br/arquivos/File/CORONA_18032020.pdf,PR,1.0
109,Altônia,0,2020-03-18,,0.0,,1.0,city,http://www.saude.pr.gov.br/arquivos/File/CORONA_18032020.pdf,PR,1.0
110,Alto Paraná,0,2020-03-18,,3.0,,3.0,city,http://www.saude.pr.gov.br/arquivos/File/CORONA_18032020.pdf,PR,0.0
111,Ampére,0,2020-03-18,,0.0,,1.0,city,http://www.saude.pr.gov.br/arquivos/File/CORONA_18032020.pdf,PR,1.0
112,Apucarana,0,2020-03-18,,1.0,,1.0,city,http://www.saude.pr.gov.br/arquivos/File/CORONA_18032020.pdf,PR,0.0
113,Araucária,0,2020-03-18,,1.0,,1.0,city,http://www.saude.pr.gov.br/arquivos/File/CORONA_18032020.pdf,PR,0.0
114,Cambé,0,2020-03-18,,0.0,,1.0,city,http://www.saude.pr.gov.br/arquivos/File/CORONA_18032020.pdf,PR,1.0
115,Campo Largo,1,2020-03-18,,1.0,,2.0,city,http://www.saude.pr.gov.br/arquivos/File/CORONA_18032020.pdf,PR,0.0
116,Carambeí,0,2020-03-18,,0.0,,1.0,city,http://www.saude.pr.gov.br/arquivos/File/CORONA_18032020.pdf,PR,1.0
117,Cascavel,0,2020-03-18,,7.0,,7.0,city,http://www.saude.pr.gov.br/arquivos/File/CORONA_18032020.pdf,PR,0.0
118,Cianorte,2,2020-03-18,,1.0,,4.0,city,http://www.saude.pr.gov.br/arquivos/File/CORONA_18032020.pdf,PR,1.0
119,Corbélia,0,2020-03-18,,1.0,,1.0,city,http://www.saude.pr.gov.br/arquivos/File/CORONA_18032020.pdf,PR,0.0
120,Curitiba,8,2020-03-18,,62.0,,84.0,city,http://www.saude.pr.gov.br/arquivos/File/CORONA_18032020.pdf,PR,14.0
121,Foz do Iguaçu,1,2020-03-18,,6.0,,7.0,city,http://www.saude.pr.gov.br/arquivos/File/CORONA_18032020.pdf,PR,0.0
122,Guaíra,0,2020-03-18,,0.0,,1.0,city,http://www.saude.pr.gov.br/arquivos/File/CORONA_18032020.pdf,PR,1.0
123,Guarapuava,0,2020-03-18,,1.0,,2.0,city,http://www.saude.pr.gov.br/arquivos/File/CORONA_18032020.pdf,PR,1.0
124,Irati,0,2020-03-18,,0.0,,1.0,city,http://www.saude.pr.gov.br/arquivos/File/CORONA_18032020.pdf,PR,1.0
125,Londrina,1,2020-03-18,,9.0,,19.0,city,http://www.saude.pr.gov.br/arquivos/File/CORONA_18032020.pdf,PR,9.0
126,Marechal Cândido Rondon,0,2020-03-18,,1.0,,1.0,city,http://www.saude.pr.gov.br/arquivos/File/CORONA_18032020.pdf,PR,0.0
127,Maringá,1,2020-03-18,,6.0,,19.0,city,http://www.saude.pr.gov.br/arquivos/File/CORONA_18032020.pdf,PR,12.0
128,Matinhos,0,2020-03-18,,2.0,,2.0,city,http://www.saude.pr.gov.br/arquivos/File/CORONA_18032020.pdf,PR,0.0
129,Mercedes,0,2020-03-18,,1.0,,1.0,city,http://www.saude.pr.gov.br/arquivos/File/CORONA_18032020.pdf,PR,0.0
130,Palotina,0,2020-03-18,,2.0,,2.0,city,http://www.saude.pr.gov.br/arquivos/File/CORONA_18032020.pdf,PR,0.0
131,Paranavaí,0,2020-03-18,,0.0,,1.0,city,http://www.saude.pr.gov.br/arquivos/File/CORONA_18032020.pdf,PR,1.0
132,Ponta Grossa,0,2020-03-18,,8.0,,27.0,city,http://www.saude.pr.gov.br/arquivos/File/CORONA_18032020.pdf,PR,19.0
133,Porecatu,0,2020-03-18,,0.0,,2.0,city,http://www.saude.pr.gov.br/arquivos/File/CORONA_18032020.pdf,PR,2.0
134,Santo Antônio do Paraíso,0,2020-03-18,,1.0,,1.0,city,http://www.saude.pr.gov.br/arquivos/File/CORONA_18032020.pdf,PR,0.0
135,São João do Caiuá,0,2020-03-18,,2.0,,2.0,city,http://www.saude.pr.gov.br/arquivos/File/CORONA_18032020.pdf,PR,0.0
136,São José dos Pinhais,0,2020-03-18,,2.0,,2.0,city,http://www.saude.pr.gov.br/arquivos/File/CORONA_18032020.pdf,PR,0.0
137,Turvo,0,2020-03-18,,1.0,,1.0,city,http://www.saude.pr.gov.br/arquivos/File/CORONA_18032020.pdf,PR,0.0
138,Umuarama,0,2020-03-18,,0.0,,1.0,city,http://www.saude.pr.gov.br/arquivos/File/CORONA_18032020.pdf,PR,1.0
139,,14,2020-03-18,,119.0,,200.0,state,http://www.saude.pr.gov.br/arquivos/File/CORONA_18032020.pdf,PR,67.0
140,Macapá,0,2020-03-17,,,,,city,https://www.portal.ap.gov.br/noticia/1703/boletim-informativo-covid-19-amapa-17-de-marco-de-2020,AP,8.0
141,,0,2020-03-17,,,,,state,https://www.portal.ap.gov.br/noticia/1703/boletim-informativo-covid-19-amapa-17-de-marco-de-2020,AP,8.0
142,Belo Horizonte,5,2020-03-17,,,,,city,https://www.saude.mg.gov.br/component/gmg/story/12298-informe-epidemiologico-coronavirus-06-03-2020,MG,
143,Coronel Fabriciano,1,2020-03-17,,,,,city,https://www.saude.mg.gov.br/component/gmg/story/12298-informe-epidemiologico-coronavirus-06-03-2020,MG,
144,Divinópolis,1,2020-03-17,,,,,city,https://www.saude.mg.gov.br/component/gmg/story/12298-informe-epidemiologico-coronavirus-06-03-2020,MG,
145,Ipatinga,1,2020-03-17,,,,,city,https://www.saude.mg.gov.br/component/gmg/story/12298-informe-epidemiologico-coronavirus-06-03-2020,MG,
146,Juiz de Fora,2,2020-03-17,,,,,city,https://www.saude.mg.gov.br/component/gmg/story/12298-informe-epidemiologico-coronavirus-06-03-2020,MG,
147,Nova Lima,1,2020-03-17,,,,,city,https://www.saude.mg.gov.br/component/gmg/story/12298-informe-epidemiologico-coronavirus-06-03-2020,MG,
148,Patrocínio,1,2020-03-17,,,,,city,https://www.saude.mg.gov.br/component/gmg/story/12298-informe-epidemiologico-coronavirus-06-03-2020,MG,
149,Sete Lagoas,1,2020-03-17,,,,,city,https://www.saude.mg.gov.br/component/gmg/story/12298-informe-epidemiologico-coronavirus-06-03-2020,MG,
150,Uberlândia,1,2020-03-17,,,,,city,https://www.saude.mg.gov.br/component/gmg/story/12298-informe-epidemiologico-coronavirus-06-03-2020,MG,
151,,14,2020-03-17,0.0,88.0,,794.0,state,https://www.saude.mg.gov.br/component/gmg/story/12298-informe-epidemiologico-coronavirus-06-03-2020,MG,
152,Almirante Tamandaré,0,2020-03-17,,0.0,,1.0,city,http://www.saude.pr.gov.br/arquivos/File/CORONA_17032020.pdf,PR,1.0
153,Alto Paraná,0,2020-03-17,,0.0,,3.0,city,http://www.saude.pr.gov.br/arquivos/File/CORONA_17032020.pdf,PR,3.0
154,Apucarana,0,2020-03-17,,1.0,,1.0,city,http://www.saude.pr.gov.br/arquivos/File/CORONA_17032020.pdf,PR,0.0
155,Araucária,0,2020-03-17,,0.0,,1.0,city,http://www.saude.pr.gov.br/arquivos/File/CORONA_17032020.pdf,PR,1.0
156,Cambé,0,2020-03-17,,0.0,,1.0,city,http://www.saude.pr.gov.br/arquivos/File/CORONA_17032020.pdf,PR,1.0
157,Campo Largo,1,2020-03-17,,1.0,,2.0,city,http://www.saude.pr.gov.br/arquivos/File/CORONA_17032020.pdf,PR,0.0
158,Carambeí,0,2020-03-17,,0.0,,1.0,city,http://www.saude.pr.gov.br/arquivos/File/CORONA_17032020.pdf,PR,1.0
159,Cascavel,0,2020-03-17,,4.0,,7.0,city,http://www.saude.pr.gov.br/arquivos/File/CORONA_17032020.pdf,PR,3.0
160,Cianorte,2,2020-03-17,,1.0,,4.0,city,http://www.saude.pr.gov.br/arquivos/File/CORONA_17032020.pdf,PR,1.0
161,Corbélia,0,2020-03-17,,1.0,,1.0,city,http://www.saude.pr.gov.br/arquivos/File/CORONA_17032020.pdf,PR,0.0
162,Curitiba,7,2020-03-17,,44.0,,82.0,city,http://www.saude.pr.gov.br/arquivos/File/CORONA_17032020.pdf,PR,31.0
163,Foz do Iguaçu,0,2020-03-17,,6.0,,7.0,city,http://www.saude.pr.gov.br/arquivos/File/CORONA_17032020.pdf,PR,1.0
164,Guaíra,0,2020-03-17,,0.0,,1.0,city,http://www.saude.pr.gov.br/arquivos/File/CORONA_17032020.pdf,PR,1.0
165,Guarapuava,0,2020-03-17,,1.0,,2.0,city,http://www.saude.pr.gov.br/arquivos/File/CORONA_17032020.pdf,PR,1.0
166,Londrina,1,2020-03-17,,7.0,,19.0,city,http://www.saude.pr.gov.br/arquivos/File/CORONA_17032020.pdf,PR,11.0
167,Marechal Cândido Rondon,0,2020-03-17,,0.0,,1.0,city,http://www.saude.pr.gov.br/arquivos/File/CORONA_17032020.pdf,PR,1.0
168,Maringá,0,2020-03-17,,6.0,,11.0,city,http://www.saude.pr.gov.br/arquivos/File/CORONA_17032020.pdf,PR,5.0
169,Matinhos,0,2020-03-17,,0.0,,2.0,city,http://www.saude.pr.gov.br/arquivos/File/CORONA_17032020.pdf,PR,2.0
170,Mercedes,0,2020-03-17,,0.0,,1.0,city,http://www.saude.pr.gov.br/arquivos/File/CORONA_17032020.pdf,PR,1.0
171,Palotina,0,2020-03-17,,0.0,,2.0,city,http://www.saude.pr.gov.br/arquivos/File/CORONA_17032020.pdf,PR,2.0
172,Pinhais,1,2020-03-17,,0.0,,1.0,city,http://www.saude.pr.gov.br/arquivos/File/CORONA_17032020.pdf,PR,0.0
173,Ponta Grossa,0,2020-03-17,,7.0,,19.0,city,http://www.saude.pr.gov.br/arquivos/File/CORONA_17032020.pdf,PR,12.0
174,Porecatu,0,2020-03-17,,0.0,,2.0,city,http://www.saude.pr.gov.br/arquivos/File/CORONA_17032020.pdf,PR,2.0
175,Santo Antônio do Paraíso,0,2020-03-17,,1.0,,1.0,city,http://www.saude.pr.gov.br/arquivos/File/CORONA_17032020.pdf,PR,0.0
176,São João do Caiuá,0,2020-03-17,,0.0,,2.0,city,http://www.saude.pr.gov.br/arquivos/File/CORONA_17032020.pdf,PR,2.0
177,São José dos Pinhais,0,2020-03-17,,2.0,,2.0,city,http://www.saude.pr.gov.br/arquivos/File/CORONA_17032020.pdf,PR,0.0
178,Turvo,0,2020-03-17,,0.0,,1.0,city,http://www.saude.pr.gov.br/arquivos/File/CORONA_17032020.pdf,PR,1.0
179,Umuarama,0,2020-03-17,,0.0,,1.0,city,http://www.saude.pr.gov.br/arquivos/File/CORONA_17032020.pdf,PR,1.0
180,,12,2020-03-17,,82.0,,179.0,state,http://www.saude.pr.gov.br/arquivos/File/CORONA_17032020.pdf,PR,85.0
181,Macapá,0,2020-03-16,,,,,city,https://www.portal.ap.gov.br/noticia/1603/boletim-informativo-covid-19-amapa-16-de-marco-de-2020,AP,6.0
182,,0,2020-03-16,,,,,state,https://www.portal.ap.gov.br/noticia/1603/boletim-informativo-covid-19-amapa-16-de-marco-de-2020,AP,6.0
183,Belo Horizonte,1,2020-03-16,,,,,city,https://www.saude.mg.gov.br/component/gmg/story/12286-informe-epidemiologico-coronavirus-16-03-2020,MG,
184,Divinópolis,1,2020-03-16,,,,,city,https://www.saude.mg.gov.br/component/gmg/story/12286-informe-epidemiologico-coronavirus-16-03-2020,MG,
185,Ipatinga,1,2020-03-16,,,,,city,https://www.saude.mg.gov.br/component/gmg/story/12286-informe-epidemiologico-coronavirus-16-03-2020,MG,
186,Juiz de Fora,2,2020-03-16,,,,,city,https://www.saude.mg.gov.br/component/gmg/story/12286-informe-epidemiologico-coronavirus-16-03-2020,MG,
187,Patrocínio,1,2020-03-16,,,,,city,https://www.saude.mg.gov.br/component/gmg/story/12286-informe-epidemiologico-coronavirus-16-03-2020,MG,
188,,6,2020-03-16,0.0,85.0,,511.0,state,https://www.saude.mg.gov.br/component/gmg/story/12286-informe-epidemiologico-coronavirus-16-03-2020,MG,
189,Almirante Tamandaré,0,2020-03-16,,0.0,,1.0,city,http://www.saude.pr.gov.br/arquivos/File/CORONA_16032020.pdf,PR,1.0
190,Alto Paraná,0,2020-03-16,,0.0,,3.0,city,http://www.saude.pr.gov.br/arquivos/File/CORONA_16032020.pdf,PR,3.0
191,Apucarana,0,2020-03-16,,1.0,,1.0,city,http://www.saude.pr.gov.br/arquivos/File/CORONA_16032020.pdf,PR,0.0
192,Araucária,0,2020-03-16,,0.0,,1.0,city,http://www.saude.pr.gov.br/arquivos/File/CORONA_16032020.pdf,PR,1.0
193,Cambé,0,2020-03-16,,0.0,,1.0,city,http://www.saude.pr.gov.br/arquivos/File/CORONA_16032020.pdf,PR,1.0
194,Campo Largo,0,2020-03-16,,1.0,,1.0,city,http://www.saude.pr.gov.br/arquivos/File/CORONA_16032020.pdf,PR,0.0
195,Carambeí,0,2020-03-16,,0.0,,1.0,city,http://www.saude.pr.gov.br/arquivos/File/CORONA_16032020.pdf,PR,1.0
196,Cascavel,0,2020-03-16,,4.0,,7.0,city,http://www.saude.pr.gov.br/arquivos/File/CORONA_16032020.pdf,PR,3.0
197,Cianorte,1,2020-03-16,,1.0,,3.0,city,http://www.saude.pr.gov.br/arquivos/File/CORONA_16032020.pdf,PR,1.0
198,Corbélia,0,2020-03-16,,1.0,,1.0,city,http://www.saude.pr.gov.br/arquivos/File/CORONA_16032020.pdf,PR,0.0
199,Curitiba,5,2020-03-16,,44.0,,80.0,city,http://www.saude.pr.gov.br/arquivos/File/CORONA_16032020.pdf,PR,31.0
200,Foz do Iguaçu,0,2020-03-16,,6.0,,7.0,city,http://www.saude.pr.gov.br/arquivos/File/CORONA_16032020.pdf,PR,1.0
201,Guaíra,0,2020-03-16,,0.0,,1.0,city,http://www.saude.pr.gov.br/arquivos/File/CORONA_16032020.pdf,PR,1.0
202,Guarapuava,0,2020-03-16,,1.0,,2.0,city,http://www.saude.pr.gov.br/arquivos/File/CORONA_16032020.pdf,PR,1.0
203,Londrina,0,2020-03-16,,7.0,,18.0,city,http://www.saude.pr.gov.br/arquivos/File/CORONA_16032020.pdf,PR,11.0
204,Marechal Cândido Rondon,0,2020-03-16,,0.0,,1.0,city,http://www.saude.pr.gov.br/arquivos/File/CORONA_16032020.pdf,PR,1.0
205,Maringá,0,2020-03-16,,6.0,,11.0,city,http://www.saude.pr.gov.br/arquivos/File/CORONA_16032020.pdf,PR,5.0
206,Matinhos,0,2020-03-16,,0.0,,2.0,city,http://www.saude.pr.gov.br/arquivos/File/CORONA_16032020.pdf,PR,2.0
207,Mercedes,0,2020-03-16,,0.0,,1.0,city,http://www.saude.pr.gov.br/arquivos/File/CORONA_16032020.pdf,PR,1.0
208,Palotina,0,2020-03-16,,0.0,,2.0,city,http://www.saude.pr.gov.br/arquivos/File/CORONA_16032020.pdf,PR,2.0
209,Ponta Grossa,0,2020-03-16,,7.0,,19.0,city,http://www.saude.pr.gov.br/arquivos/File/CORONA_16032020.pdf,PR,12.0
210,Porecatu,0,2020-03-16,,0.0,,2.0,city,http://www.saude.pr.gov.br/arquivos/File/CORONA_16032020.pdf,PR,2.0
211,Santo Antônio do Paraíso,0,2020-03-16,,1.0,,1.0,city,http://www.saude.pr.gov.br/arquivos/File/CORONA_16032020.pdf,PR,0.0
212,São João do Caiuá,0,2020-03-16,,0.0,,2.0,city,http://www.saude.pr.gov.br/arquivos/File/CORONA_16032020.pdf,PR,2.0
213,São José dos Pinhais,0,2020-03-16,,2.0,,2.0,city,http://www.saude.pr.gov.br/arquivos/File/CORONA_16032020.pdf,PR,0.0
214,Turvo,0,2020-03-16,,0.0,,1.0,city,http://www.saude.pr.gov.br/arquivos/File/CORONA_16032020.pdf,PR,1.0
215,Umuarama,0,2020-03-16,,0.0,,1.0,city,http://www.saude.pr.gov.br/arquivos/File/CORONA_16032020.pdf,PR,1.0
216,,6,2020-03-16,,82.0,,173.0,state,http://www.saude.pr.gov.br/arquivos/File/CORONA_16032020.pdf,PR,85.0
217,,4,2020-03-14,0.0,85.0,,386.0,state,https://www.saude.mg.gov.br/component/gmg/story/12280-informe-epidemiologico-coronavirus-14-03-2020,MG,
218,,2,2020-03-13,0.0,69.0,,378.0,state,https://www.saude.mg.gov.br/component/gmg/story/12276-informe-epidemiologico-coronavirus-13-03-2020,MG,
219,Apucarana,0,2020-03-13,,0.0,,1.0,city,http://www.saude.pr.gov.br/arquivos/File/CORONA_13032020.pdf,PR,1.0
220,Campo Largo,0,2020-03-13,,1.0,,1.0,city,http://www.saude.pr.gov.br/arquivos/File/CORONA_13032020.pdf,PR,0.0
221,Cascavel,0,2020-03-13,,2.0,,7.0,city,http://www.saude.pr.gov.br/arquivos/File/CORONA_13032020.pdf,PR,5.0
222,Cianorte,1,2020-03-13,,0.0,,3.0,city,http://www.saude.pr.gov.br/arquivos/File/CORONA_13032020.pdf,PR,2.0
223,Corbélia,0,2020-03-13,,1.0,,1.0,city,http://www.saude.pr.gov.br/arquivos/File/CORONA_13032020.pdf,PR,0.0
224,Curitiba,5,2020-03-13,,20.0,,56.0,city,http://www.saude.pr.gov.br/arquivos/File/CORONA_13032020.pdf,PR,31.0
225,Foz do Iguaçu,0,2020-03-13,,2.0,,7.0,city,http://www.saude.pr.gov.br/arquivos/File/CORONA_13032020.pdf,PR,5.0
226,Guarapuava,0,2020-03-13,,0.0,,1.0,city,http://www.saude.pr.gov.br/arquivos/File/CORONA_13032020.pdf,PR,1.0
227,Londrina,0,2020-03-13,,3.0,,12.0,city,http://www.saude.pr.gov.br/arquivos/File/CORONA_13032020.pdf,PR,9.0
228,Maringá,0,2020-03-13,,2.0,,8.0,city,http://www.saude.pr.gov.br/arquivos/File/CORONA_13032020.pdf,PR,6.0
229,Ponta Grossa,0,2020-03-13,,2.0,,10.0,city,http://www.saude.pr.gov.br/arquivos/File/CORONA_13032020.pdf,PR,8.0
230,Santo Antônio do Paraíso,0,2020-03-13,,0.0,,1.0,city,http://www.saude.pr.gov.br/arquivos/File/CORONA_13032020.pdf,PR,1.0
231,São José dos Pinhais,0,2020-03-13,,1.0,,2.0,city,http://www.saude.pr.gov.br/arquivos/File/CORONA_13032020.pdf,PR,1.0
232,Turvo,0,2020-03-13,,0.0,,1.0,city,http://www.saude.pr.gov.br/arquivos/File/CORONA_13032020.pdf,PR,1.0
233,Umuarama,0,2020-03-13,,0.0,,1.0,city,http://www.saude.pr.gov.br/arquivos/File/CORONA_13032020.pdf,PR,1.0
234,,6,2020-03-13,,34.0,,112.0,state,http://www.saude.pr.gov.br/arquivos/File/CORONA_13032020.pdf,PR,72.0
235,,2,2020-03-12,0.0,22.0,,313.0,state,https://www.saude.mg.gov.br/component/gmg/story/12267-informe-epidemiologico-coronavirus-12-03-2020,MG,
236,Apucarana,0,2020-03-12,,0.0,,1.0,city,http://www.saude.pr.gov.br/arquivos/File/CORONA_12032020.pdf,PR,1.0
237,Campo Largo,0,2020-03-12,,1.0,,1.0,city,http://www.saude.pr.gov.br/arquivos/File/CORONA_12032020.pdf,PR,0.0
238,Cascavel,0,2020-03-12,,2.0,,4.0,city,http://www.saude.pr.gov.br/arquivos/File/CORONA_12032020.pdf,PR,2.0
239,Cianorte,1,2020-03-12,,0.0,,2.0,city,http://www.saude.pr.gov.br/arquivos/File/CORONA_12032020.pdf,PR,1.0
240,Corbélia,0,2020-03-12,,1.0,,1.0,city,http://www.saude.pr.gov.br/arquivos/File/CORONA_12032020.pdf,PR,0.0
241,Curitiba,5,2020-03-12,,15.0,,48.0,city,http://www.saude.pr.gov.br/arquivos/File/CORONA_12032020.pdf,PR,28.0
242,Foz do Iguaçu,0,2020-03-12,,2.0,,6.0,city,http://www.saude.pr.gov.br/arquivos/File/CORONA_12032020.pdf,PR,4.0
243,Guarapuava,0,2020-03-12,,0.0,,1.0,city,http://www.saude.pr.gov.br/arquivos/File/CORONA_12032020.pdf,PR,1.0
244,Londrina,0,2020-03-12,,3.0,,9.0,city,http://www.saude.pr.gov.br/arquivos/File/CORONA_12032020.pdf,PR,6.0
245,Maringá,0,2020-03-12,,2.0,,6.0,city,http://www.saude.pr.gov.br/arquivos/File/CORONA_12032020.pdf,PR,4.0
246,Ponta Grossa,0,2020-03-12,,2.0,,7.0,city,http://www.saude.pr.gov.br/arquivos/File/CORONA_12032020.pdf,PR,5.0
247,Santo Antônio do Paraíso,0,2020-03-12,,0.0,,1.0,city,http://www.saude.pr.gov.br/arquivos/File/CORONA_12032020.pdf,PR,1.0
248,São José dos Pinhais,0,2020-03-12,,1.0,,1.0,city,http://www.saude.pr.gov.br/arquivos/File/CORONA_12032020.pdf,PR,0.0
249,Turvo,0,2020-03-12,,0.0,,1.0,city,http://www.saude.pr.gov.br/arquivos/File/CORONA_12032020.pdf,PR,1.0
250,,6,2020-03-12,,29.0,,89.0,state,http://www.saude.pr.gov.br/arquivos/File/CORONA_12032020.pdf,PR,54.0
251,,1,2020-03-11,0.0,18.0,,279.0,state,https://www.saude.mg.gov.br/component/gmg/story/12261-informe-epidemiologico-coronavirus-11-03-2020,MG,
252,Campo Largo,0,2020-03-11,,1.0,,1.0,city,http://www.saude.pr.gov.br/arquivos/File/CORONA_11032020.pdf,PR,0.0
253,Cascavel,0,2020-03-11,,2.0,,4.0,city,http://www.saude.pr.gov.br/arquivos/File/CORONA_11032020.pdf,PR,2.0
254,Cianorte,0,2020-03-11,,0.0,,2.0,city,http://www.saude.pr.gov.br/arquivos/File/CORONA_11032020.pdf,PR,2.0
255,Corbélia,0,2020-03-11,,0.0,,1.0,city,http://www.saude.pr.gov.br/arquivos/File/CORONA_11032020.pdf,PR,1.0
256,Curitiba,0,2020-03-11,,14.0,,40.0,city,http://www.saude.pr.gov.br/arquivos/File/CORONA_11032020.pdf,PR,26.0
257,Foz do Iguaçu,0,2020-03-11,,2.0,,6.0,city,http://www.saude.pr.gov.br/arquivos/File/CORONA_11032020.pdf,PR,4.0
258,Guarapuava,0,2020-03-11,,0.0,,1.0,city,http://www.saude.pr.gov.br/arquivos/File/CORONA_11032020.pdf,PR,1.0
259,Londrina,0,2020-03-11,,3.0,,6.0,city,http://www.saude.pr.gov.br/arquivos/File/CORONA_11032020.pdf,PR,3.0
260,Maringá,0,2020-03-11,,2.0,,6.0,city,http://www.saude.pr.gov.br/arquivos/File/CORONA_11032020.pdf,PR,4.0
261,Ponta Grossa,0,2020-03-11,,2.0,,7.0,city,http://www.saude.pr.gov.br/arquivos/File/CORONA_11032020.pdf,PR,5.0
262,Santo Antônio do Paraíso,0,2020-03-11,,0.0,,1.0,city,http://www.saude.pr.gov.br/arquivos/File/CORONA_11032020.pdf,PR,1.0
263,São José dos Pinhais,0,2020-03-11,,1.0,,1.0,city,http://www.saude.pr.gov.br/arquivos/File/CORONA_11032020.pdf,PR,0.0
264,,0,2020-03-11,,27.0,,76.0,state,http://www.saude.pr.gov.br/arquivos/File/CORONA_11032020.pdf,PR,49.0
265,,1,2020-03-10,0.0,29.0,,243.0,state,https://www.saude.mg.gov.br/component/gmg/story/12255-informe-epidemiologico-coronavirus-10-03-2020,MG,
266,Campo Largo,0,2020-03-10,,1.0,,0.0,city,http://www.saude.pr.gov.br/arquivos/File/CORONA_10032020.pdf,PR,0.0
267,Cascavel,0,2020-03-10,,0.0,,0.0,city,http://www.saude.pr.gov.br/arquivos/File/CORONA_10032020.pdf,PR,0.0
268,Cianorte,0,2020-03-10,,0.0,,0.0,city,http://www.saude.pr.gov.br/arquivos/File/CORONA_10032020.pdf,PR,0.0
269,Corbélia,0,2020-03-10,,0.0,,0.0,city,http://www.saude.pr.gov.br/arquivos/File/CORONA_10032020.pdf,PR,0.0
270,Curitiba,0,2020-03-10,,11.0,,0.0,city,http://www.saude.pr.gov.br/arquivos/File/CORONA_10032020.pdf,PR,0.0
271,Foz do Iguaçu,0,2020-03-10,,2.0,,0.0,city,http://www.saude.pr.gov.br/arquivos/File/CORONA_10032020.pdf,PR,0.0
272,Londrina,0,2020-03-10,,1.0,,0.0,city,http://www.saude.pr.gov.br/arquivos/File/CORONA_10032020.pdf,PR,0.0
273,Maringá,0,2020-03-10,,2.0,,0.0,city,http://www.saude.pr.gov.br/arquivos/File/CORONA_10032020.pdf,PR,0.0
274,Ponta Grossa,0,2020-03-10,,2.0,,0.0,city,http://www.saude.pr.gov.br/arquivos/File/CORONA_10032020.pdf,PR,0.0
275,Santo Antônio do Paraíso,0,2020-03-10,,0.0,,0.0,city,http://www.saude.pr.gov.br/arquivos/File/CORONA_10032020.pdf,PR,0.0
276,São José dos Pinhais,0,2020-03-10,,1.0,,0.0,city,http://www.saude.pr.gov.br/arquivos/File/CORONA_10032020.pdf,PR,0.0
277,,0,2020-03-10,,20.0,,0.0,state,http://www.saude.pr.gov.br/arquivos/File/CORONA_10032020.pdf,PR,0.0
278,,1,2020-03-09,0.0,28.0,,190.0,state,https://www.saude.mg.gov.br/component/gmg/story/12247-informe-epidemiologico-coronavirus-09-03-2020,MG,
279,Campo Largo,0,2020-03-09,,1.0,,1.0,city,http://www.saude.pr.gov.br/arquivos/File/CORONA_09032020_2.pdf,PR,0.0
280,Cascavel,0,2020-03-09,,0.0,,2.0,city,http://www.saude.pr.gov.br/arquivos/File/CORONA_09032020_2.pdf,PR,2.0
281,Curitiba,0,2020-03-09,,11.0,,30.0,city,http://www.saude.pr.gov.br/arquivos/File/CORONA_09032020_2.pdf,PR,19.0
282,Foz do Iguaçu,0,2020-03-09,,2.0,,3.0,city,http://www.saude.pr.gov.br/arquivos/File/CORONA_09032020_2.pdf,PR,1.0
283,Londrina,0,2020-03-09,,1.0,,6.0,city,http://www.saude.pr.gov.br/arquivos/File/CORONA_09032020_2.pdf,PR,5.0
284,Maringá,0,2020-03-09,,2.0,,3.0,city,http://www.saude.pr.gov.br/arquivos/File/CORONA_09032020_2.pdf,PR,1.0
285,Ponta Grossa,0,2020-03-09,,2.0,,6.0,city,http://www.saude.pr.gov.br/arquivos/File/CORONA_09032020_2.pdf,PR,4.0
286,Santo Antônio do Paraíso,0,2020-03-09,,0.0,,1.0,city,http://www.saude.pr.gov.br/arquivos/File/CORONA_09032020_2.pdf,PR,1.0
287,São José dos Pinhais,0,2020-03-09,,1.0,,1.0,city,http://www.saude.pr.gov.br/arquivos/File/CORONA_09032020_2.pdf,PR,0.0
288,,0,2020-03-09,,20.0,,53.0,state,http://www.saude.pr.gov.br/arquivos/File/CORONA_09032020_2.pdf,PR,33.0
289,,1,2020-03-08,0.0,17.0,"Dados notificados, descartados e mortes repetidos de 06/03 (não contém todos os dados de 08/03 na notícia)",140.0,state,https://www.saude.mg.gov.br/component/gmg/story/12233-confirmacao-do-primeiro-caso-de-coronavirus-covid-19-em-minas-gerais,MG,
290,,0,2020-03-06,0.0,17.0,,140.0,state,https://www.saude.mg.gov.br/component/gmg/story/12232-informe-epidemiologico-coronavirus-06-03-2020,MG,
